{
	"parent": "boomber:block/block",
	"textures": {
		"particle": "#texture"
	},
	"elements": [
		{
			"name": "fence_post",
			"from": [6, 0, 6],
			"to": [10, 16, 10],
			"faces": {
				"north": {"uv": [6, 0, 10, 16], "texture": "#texture"},
				"east": {"uv": [6, 0, 10, 16], "texture": "#texture"},
				"south": {"uv": [6, 0, 10, 16], "texture": "#texture"},
				"west": {"uv": [6, 0, 10, 16], "texture": "#texture"},
				"up": {"uv": [0, 0, 4, 4], "texture": "#texture"},
				"down": {"uv": [0, 0, 4, 4], "texture": "#texture"}
			}
		},
		{
			"name": "top",
			"from": [7, 11.9, 0],
			"to": [9, 15, 6],
			"faces": {
				"north": {"uv": [0, 0, 2, 3], "texture": "#texture"},
				"east": {"uv": [0, 0, 6, 3], "texture": "#texture"},
				"south": {"uv": [0, 0, 2, 3], "texture": "#texture"},
				"west": {"uv": [0, 0, 6, 3], "texture": "#texture"},
				"up": {"uv": [0, 0, 2, 6], "texture": "#texture"},
				"down": {"uv": [0, 0, 2, 6], "texture": "#texture"}
			}
		},
		{
			"name": "bottom",
			"from": [7, 6, 0],
			"to": [9, 9.1, 6],
			"faces": {
				"north": {"uv": [0, 0, 2, 3], "texture": "#texture"},
				"east": {"uv": [0, 0, 6, 3], "texture": "#texture"},
				"south": {"uv": [0, 0, 2, 3], "texture": "#texture"},
				"west": {"uv": [0, 0, 6, 3], "texture": "#texture"},
				"up": {"uv": [0, 0, 2, 6], "texture": "#texture"},
				"down": {"uv": [0, 0, 2, 6], "texture": "#texture"}
			}
		},
		{
			"name": "top",
			"from": [7, 11.9, 10],
			"to": [9, 15, 16],
			"faces": {
				"north": {"uv": [0, 0, 2, 3], "texture": "#texture"},
				"east": {"uv": [0, 0, 6, 3], "texture": "#texture"},
				"south": {"uv": [0, 0, 2, 3], "texture": "#texture"},
				"west": {"uv": [0, 0, 6, 3], "texture": "#texture"},
				"up": {"uv": [0, 0, 2, 6], "texture": "#texture"},
				"down": {"uv": [0, 0, 2, 6], "texture": "#texture"}
			}
		},
		{
			"name": "bottom",
			"from": [7, 6, 10],
			"to": [9, 9.1, 16],
			"faces": {
				"north": {"uv": [0, 0, 2, 3], "texture": "#texture"},
				"east": {"uv": [0, 0, 6, 3], "texture": "#texture"},
				"south": {"uv": [0, 0, 2, 3], "texture": "#texture"},
				"west": {"uv": [0, 0, 6, 3], "texture": "#texture"},
				"up": {"uv": [0, 0, 2, 6], "texture": "#texture"},
				"down": {"uv": [0, 0, 2, 6], "texture": "#texture"}
			}
		}
	],
	"groups": [0,
		{
			"name": "fence_side_n",
			"isOpen": true,
			"shade": true,
			"display": {
				"visibility": true,
				"autouv": true
			},
			"children": [1, 2]
		},
		{
			"name": "fence_side_s",
			"isOpen": true,
			"shade": true,
			"display": {
				"visibility": true,
				"autouv": true
			},
			"children": [3, 4]
		}
	]
}