{
	"parent": "boomber:block/block",
    "textures": {
        "particle" : "#texture"
    },
    "elements": [
        {   
            "from": [ -0.1, 4.9, 6.9 ],
            "to": [ 2.1, 16.1, 9.1 ],
            "faces": {
                "down":  { "uv": [ 0, 7, 2,  9 ], "texture": "#texture" },
                "up":    { "uv": [ 0, 7, 2,  9 ], "texture": "#texture" },
                "north": { "uv": [ 0, 0, 2, 11 ], "texture": "#texture" },
                "south": { "uv": [ 0, 0, 2, 11 ], "texture": "#texture" },
                "west":  { "uv": [ 7, 0, 9, 11 ], "texture": "#texture", "cullface": "west" },
                "east":  { "uv": [ 7, 0, 9, 11 ], "texture": "#texture" }
            }
        },
        {   
            "from": [ 13.9, 4.9, 6.9 ],
            "to": [ 16.1, 16.1, 9.1 ],
            "faces": {
                "down":  { "uv": [ 14, 7, 16,  9 ], "texture": "#texture" },
                "up":    { "uv": [ 14, 7, 16,  9 ], "texture": "#texture" },
                "north": { "uv": [ 14, 0, 16, 11 ], "texture": "#texture" },
                "south": { "uv": [ 14, 0, 16, 11 ], "texture": "#texture" },
                "west":  { "uv": [  7, 0,  9, 11 ], "texture": "#texture" },
                "east":  { "uv": [  7, 0,  9, 11 ], "texture": "#texture", "cullface": "east" }
            }
        },
        {   
            "from": [ 0, 5.9, 12.9 ],
            "to": [ 2.1, 15.1, 15.1 ],
            "faces": {
                "down":  { "uv": [  0, 13,  2, 15 ], "texture": "#texture" },
                "up":    { "uv": [  0, 13,  2, 15 ], "texture": "#texture" },
                "north": { "uv": [  0,  1,  2, 10 ], "texture": "#texture" },
                "south": { "uv": [  0,  1,  2, 10 ], "texture": "#texture" },
                "west":  { "uv": [ 13,  1, 15, 10 ], "texture": "#texture" },
                "east":  { "uv": [ 13,  1, 15, 10 ], "texture": "#texture" }
            }
        },
        {  
            "from": [ 13.9, 5.9, 12.9 ],
            "to": [ 16.1, 15.1, 15.1 ],
            "faces": {
                "down":  { "uv": [ 14, 13, 16, 15 ], "texture": "#texture" },
                "up":    { "uv": [ 14, 13, 16, 15 ], "texture": "#texture" },
                "north": { "uv": [ 14,  1, 16, 10 ], "texture": "#texture" },
                "south": { "uv": [ 14,  1, 16, 10 ], "texture": "#texture" },
                "west":  { "uv": [ 13,  1, 15, 10 ], "texture": "#texture" },
                "east":  { "uv": [ 13,  1, 15, 10 ], "texture": "#texture" }
            }
        },
        {   
            "from": [ 0, 5.9, 8.9 ],
            "to": [ 2.1, 9.1, 13.1 ],
            "faces": {
                "down":  { "uv": [  0, 9,  2, 13 ], "texture": "#texture" },
                "up":    { "uv": [  0, 9,  2, 13 ], "texture": "#texture" },
                "west":  { "uv": [ 13, 7, 15, 10 ], "texture": "#texture" },
                "east":  { "uv": [ 13, 7, 15, 10 ], "texture": "#texture" }
            }
        },
        {  
            "from": [ 0, 11.9, 8.9 ],
            "to": [ 2.1, 15.1, 13.1 ],
            "faces": {
                "down":  { "uv": [  0, 9,  2, 13 ], "texture": "#texture" },
                "up":    { "uv": [  0, 9,  2, 13 ], "texture": "#texture" },
                "west":  { "uv": [ 13, 1, 15,  4 ], "texture": "#texture" },
                "east":  { "uv": [ 13, 1, 15,  4 ], "texture": "#texture" }
            }
        },
        {  
            "from": [ 13.9, 5.9, 8.9 ],
            "to": [ 16.1, 9.1, 13.1 ],
            "faces": {
                "down":  { "uv": [ 14, 9, 16, 13 ], "texture": "#texture" },
                "up":    { "uv": [ 14, 9, 16, 13 ], "texture": "#texture" },
                "west":  { "uv": [ 13, 7, 15, 10 ], "texture": "#texture" },
                "east":  { "uv": [ 13, 7, 15, 10 ], "texture": "#texture" }
            }
        },
        {  
            "from": [ 13.9, 11.9, 8.9 ],
            "to": [ 16.1, 15.1, 13.1 ],
            "faces": {
                "down":  { "uv": [ 14, 9, 16, 13 ], "texture": "#texture" },
                "up":    { "uv": [ 14, 9, 16, 13 ], "texture": "#texture" },
                "west":  { "uv": [ 13, 1, 15,  4 ], "texture": "#texture" },
                "east":  { "uv": [ 13, 1, 15,  4 ], "texture": "#texture" }
            }
        }
    ]
}
